size, procs, static_mean
10000, 1,0.320560,
14143, 2,0.324328,
17321, 3,0.662929,
20000, 4,0.728659,
22361, 5,0.864179,
24495, 6,0.936207,
