threads_per_socket, ordered_mean
1,22.364438,
2,11.238152,
3,7.550637,
4,5.712835,
5,4.592098,
6,3.857507,
7,3.337780,
8,2.917140,
9,2.614608,
10,2.370039,
11,2.159803,
12,2.015838,
